Airfoil,Motor,Diameter,Battery,Root Chord,Tip Chord,Root Pitch,Tip Pitch,Mass [kg],Flight Time [hr],Thrust to Weight,Sim Time [s],1.5,
MH30_7_DOE,2300,0.0762,1,0.008,0.004,10,4,1.3064,1.133136355,0.912799017,13.03533363,0,0.871707534
MH30_7_DOE,2300,0.0762,1,0.008,0.004,6,1,1.3064,2.063994769,0.379321949,13.16418195,0,
MH30_7_DOE,2300,0.0762,1,0.018,0.009,10,4,1.3064,0.630656336,1.22432639,12.99218488,0,
MH30_7_DOE,2300,0.0762,1,0.018,0.009,6,1,1.3064,1.095251076,0.474046787,12.85697269,0,
MH30_7_DOE,2300,0.0762,2,0.008,0.004,10,4,1.5764,2.18358705,0.7754361,12.87202787,0,
MH30_7_DOE,2300,0.0762,2,0.008,0.004,6,1,1.5764,4.045428082,0.318615662,13.00099468,0,
MH30_7_DOE,2300,0.0762,2,0.018,0.009,10,4,1.5764,1.178180228,1.061812032,13.02256346,0,
MH30_7_DOE,2300,0.0762,2,0.018,0.009,6,1,1.5764,2.10780366,0.403063346,12.99406552,0,
MH30_7_DOE,2300,0.1016,1,0.008,0.004,10,4,1.3064,0.476991499,1.957620104,17.20089579,0.476991499,
MH30_7_DOE,2300,0.1016,1,0.008,0.004,6,1,1.3064,0.772748333,0.91572063,17.1703124,0,
MH30_7_DOE,2300,0.1016,1,0.018,0.009,10,4,1.3064,0.289843485,2.546051256,19.55751157,0.289843485,
MH30_7_DOE,2300,0.1016,1,0.018,0.009,6,1,1.3064,0.448301117,1.026100062,17.3761251,0,
MH30_7_DOE,2300,0.1016,2,0.008,0.004,10,4,1.5764,0.871707534,1.722865544,17.49043751,0.871707534,
MH30_7_DOE,2300,0.1016,2,0.008,0.004,6,1,1.5764,1.46259106,0.787292623,17.23121095,0,
MH30_7_DOE,2300,0.1016,2,0.018,0.009,10,4,1.5764,0.495222637,2.343539374,17.19816732,0.495222637,
MH30_7_DOE,2300,0.1016,2,0.018,0.009,6,1,1.5764,0.814050296,0.906912061,17.18933034,0,
MH30_7_DOE,3600,0.0762,1,0.008,0.004,10,4,1.2164,0.710436324,1.02129709,12.94983411,0,
MH30_7_DOE,3600,0.0762,1,0.008,0.004,6,1,1.2164,1.256518964,0.432819272,12.69129443,0,
MH30_7_DOE,3600,0.0762,1,0.018,0.009,10,4,1.2164,0.415411126,1.32549845,12.94886923,0,
MH30_7_DOE,3600,0.0762,1,0.018,0.009,6,1,1.2164,0.688218283,0.529604642,12.83428526,0,
MH30_7_DOE,3600,0.0762,2,0.008,0.004,10,4,1.3964,1.338052684,0.925990703,13.41267395,0,
MH30_7_DOE,3600,0.0762,2,0.008,0.004,6,1,1.3964,2.430445734,0.385521472,13.46365094,0,
MH30_7_DOE,3600,0.0762,2,0.018,0.009,10,4,1.3964,0.748350989,1.237981964,12.83551741,0,
MH30_7_DOE,3600,0.0762,2,0.018,0.009,6,1,1.3964,1.293592368,0.480829228,12.84067082,0,
MH30_7_DOE,3600,0.1016,1,0.008,0.004,10,4,1.2164,0.326106213,2.067450154,17.33731556,0.326106213,
MH30_7_DOE,3600,0.1016,1,0.008,0.004,6,1,1.2164,0.499177192,1.004363252,17.11228991,0,
MH30_7_DOE,3600,0.1016,1,0.018,0.009,10,4,1.2164,0.217548403,2.526646544,19.40967774,0.217548403,
MH30_7_DOE,3600,0.1016,1,0.018,0.009,6,1,1.2164,0.309298568,1.077101362,17.22004724,0,
MH30_7_DOE,3600,0.1016,2,0.008,0.004,10,4,1.3964,0.568839457,1.972882359,17.12899423,0.568839457,
MH30_7_DOE,3600,0.1016,2,0.008,0.004,6,1,1.3964,0.915112611,0.927180264,17.05662584,0,
MH30_7_DOE,3600,0.1016,2,0.018,0.009,10,4,1.3964,0.348741198,2.550739788,19.30665231,0.348741198,
MH30_7_DOE,3600,0.1016,2,0.018,0.009,6,1,1.3964,0.534338997,1.034468259,17.36280036,0,
MH30_7_DOE,3800,0.0762,1,0.008,0.004,10,4,1.1726,0.991667419,0.700205527,12.87662244,0,
MH30_7_DOE,3800,0.0762,1,0.008,0.004,6,1,1.1726,1.817122659,0.289821427,12.8526969,0,
MH30_7_DOE,3800,0.0762,1,0.018,0.009,10,4,1.1726,0.545376813,0.946674963,13.10318685,0,
MH30_7_DOE,3800,0.0762,1,0.018,0.009,6,1,1.1726,0.958078554,0.363749612,12.99429727,0,
MH30_7_DOE,3800,0.0762,2,0.008,0.004,10,4,1.3076,1.900207644,0.646096168,13.12074637,0,
MH30_7_DOE,3800,0.0762,2,0.008,0.004,6,1,1.3076,3.551459983,0.263922861,12.88339114,0,
MH30_7_DOE,3800,0.0762,2,0.018,0.009,10,4,1.3076,1.00862581,0.894417445,12.87672806,0,
MH30_7_DOE,3800,0.0762,2,0.018,0.009,6,1,1.3076,1.832999025,0.335987745,12.72845817,0,
MH30_7_DOE,3800,0.1016,1,0.008,0.004,10,4,1.1726,0.409489089,1.521061956,19.08521843,0.409489089,
MH30_7_DOE,3800,0.1016,1,0.008,0.004,6,1,1.1726,0.671049266,0.706087295,17.37653422,0,
MH30_7_DOE,3800,0.1016,1,0.018,0.009,10,4,1.1726,0.243006233,2.009729065,19.2540164,0.243006233,
MH30_7_DOE,3800,0.1016,1,0.018,0.009,6,1,1.1726,0.383919641,0.798574904,19.20072269,0,
MH30_7_DOE,3800,0.1016,2,0.008,0.004,10,4,1.3076,0.735632258,1.465197803,17.35123754,0,
MH30_7_DOE,3800,0.1016,2,0.008,0.004,6,1,1.3076,1.260817574,0.660117845,17.11642957,0,
MH30_7_DOE,3800,0.1016,2,0.018,0.009,10,4,1.3076,0.402049383,2.045146848,19.18504786,0.402049383,
MH30_7_DOE,3800,0.1016,2,0.018,0.009,6,1,1.3076,0.684604716,0.773055954,17.0204711,0,
NACA2412_DOE,2300,0.0762,1,0.008,0.004,10,4,1.3064,0.988751568,0.995979106,13.03125048,0,
NACA2412_DOE,2300,0.0762,1,0.008,0.004,6,1,1.3064,1.860371388,0.492441252,12.98988676,0,
NACA2412_DOE,2300,0.0762,1,0.018,0.009,10,4,1.3064,0.561873383,1.375892373,13.06307483,0,
NACA2412_DOE,2300,0.0762,1,0.018,0.009,6,1,1.3064,1.072308193,0.577916369,13.22658443,0,
NACA2412_DOE,2300,0.0762,2,0.008,0.004,10,4,1.5764,1.894759741,0.849249556,12.96471691,0,
NACA2412_DOE,2300,0.0762,2,0.008,0.004,6,1,1.5764,3.638169042,0.414249527,12.91746783,0,
NACA2412_DOE,2300,0.0762,2,0.018,0.009,10,4,1.5764,1.040423692,1.200327317,12.83555698,0,
NACA2412_DOE,2300,0.0762,2,0.018,0.009,6,1,1.5764,2.061909413,0.491656102,12.9387064,0,
NACA2412_DOE,2300,0.1016,1,0.008,0.004,10,4,1.3064,0.423650968,2.099937499,17.07734513,0.423650968,
NACA2412_DOE,2300,0.1016,1,0.008,0.004,6,1,1.3064,0.699091053,1.146152721,16.99244308,0,
NACA2412_DOE,2300,0.1016,1,0.018,0.009,10,4,1.3064,0.266733126,2.767383207,19.29784942,0.266733126,
NACA2412_DOE,2300,0.1016,1,0.018,0.009,6,1,1.3064,0.431547478,1.336717371,17.13579798,0,
NACA2412_DOE,2300,0.1016,2,0.008,0.004,10,4,1.5764,0.764468222,1.863811363,16.98099494,0.764468222,
NACA2412_DOE,2300,0.1016,2,0.008,0.004,6,1,1.5764,1.315178646,0.989399217,17.23702288,0,
NACA2412_DOE,2300,0.1016,2,0.018,0.009,10,4,1.5764,0.448497205,2.574604476,19.00104451,0.448497205,
NACA2412_DOE,2300,0.1016,2,0.018,0.009,6,1,1.5764,0.780356802,1.184748706,16.90248799,0,
NACA2412_DOE,3600,0.0762,1,0.008,0.004,10,4,1.2164,0.625769317,1.10739977,12.74656248,0,
NACA2412_DOE,3600,0.0762,1,0.008,0.004,6,1,1.2164,1.137051157,0.560410734,12.82363224,0,
NACA2412_DOE,3600,0.0762,1,0.018,0.009,10,4,1.2164,0.375283369,1.47585201,13.49695206,0,
NACA2412_DOE,3600,0.0762,1,0.018,0.009,6,1,1.2164,0.674763963,0.645033712,12.87934017,0,
NACA2412_DOE,3600,0.0762,2,0.008,0.004,10,4,1.3964,1.168609107,1.009766589,12.78195405,0,
NACA2412_DOE,3600,0.0762,2,0.008,0.004,6,1,1.3964,2.191488551,0.500364949,12.83729482,0,
NACA2412_DOE,3600,0.0762,2,0.018,0.009,10,4,1.3964,0.667623268,1.38999941,12.87017894,0,
NACA2412_DOE,3600,0.0762,2,0.018,0.009,6,1,1.3964,1.266667667,0.586131567,13.1281333,0,
NACA2412_DOE,3600,0.1016,1,0.008,0.004,10,4,1.2164,0.294864878,2.191469314,19.29377151,0.294864878,
NACA2412_DOE,3600,0.1016,1,0.008,0.004,6,1,1.2164,0.456049829,1.248903957,16.96683502,0,
NACA2412_DOE,3600,0.1016,1,0.018,0.009,10,4,1.2164,0.204460049,2.708032579,19.42436242,0.204460049,
NACA2412_DOE,3600,0.1016,1,0.018,0.009,6,1,1.2164,0.299487828,1.397691909,19.29236388,0,
NACA2412_DOE,3600,0.1016,2,0.008,0.004,10,4,1.3964,0.505403609,2.115818617,17.22882843,0.505403609,
NACA2412_DOE,3600,0.1016,2,0.008,0.004,6,1,1.3964,0.828667958,1.1597653,17.07381248,0,
NACA2412_DOE,3600,0.1016,2,0.018,0.009,10,4,1.3964,0.321687716,2.768150993,24.78844953,0.321687716,
NACA2412_DOE,3600,0.1016,2,0.018,0.009,6,1,1.3964,0.514672928,1.347089921,23.04681659,0,
NACA2412_DOE,3800,0.0762,1,0.008,0.004,10,4,1.1726,0.863662984,0.764982967,16.41161585,0,
NACA2412_DOE,3800,0.0762,1,0.008,0.004,6,1,1.1726,1.636541315,0.376451614,16.78568435,0,
NACA2412_DOE,3800,0.0762,1,0.018,0.009,10,4,1.1726,0.484308113,1.066191522,16.76011395,0,
NACA2412_DOE,3800,0.0762,1,0.018,0.009,6,1,1.1726,0.937738047,0.443537154,17.1946559,0,
NACA2412_DOE,3800,0.0762,2,0.008,0.004,10,4,1.3076,1.644063408,0.708974425,18.19648504,0,
NACA2412_DOE,3800,0.0762,2,0.008,0.004,6,1,1.3076,3.190257862,0.343403667,19.05835223,0,
NACA2412_DOE,3800,0.0762,2,0.018,0.009,10,4,1.3076,0.886486022,1.014293014,18.49348903,0,
NACA2412_DOE,3800,0.0762,2,0.018,0.009,6,1,1.3076,1.792297866,0.409957856,18.81127763,0,
NACA2412_DOE,3800,0.1016,1,0.008,0.004,10,4,1.1726,0.361930562,1.636946995,26.4486587,0.361930562,
NACA2412_DOE,3800,0.1016,1,0.008,0.004,6,1,1.1726,0.605894237,0.884925526,23.03452253,0,
NACA2412_DOE,3800,0.1016,1,0.018,0.009,10,4,1.1726,0.222407431,2.192438197,25.15273404,0.222407431,
NACA2412_DOE,3800,0.1016,1,0.018,0.009,6,1,1.1726,0.368977068,1.041434631,25.53015733,0,
NACA2412_DOE,3800,0.1016,2,0.008,0.004,10,4,1.3076,0.640726057,1.592324239,23.40815926,0.640726057,
NACA2412_DOE,3800,0.1016,2,0.008,0.004,6,1,1.3076,1.130101385,0.831357797,22.4769249,0,
NACA2412_DOE,3800,0.1016,2,0.018,0.009,10,4,1.3076,0.360466147,2.261928509,25.8452456,0.360466147,
NACA2412_DOE,3800,0.1016,2,0.018,0.009,6,1,1.3076,0.654786745,1.011408628,23.157583,0,
RG-15_8_DOE,2300,0.0762,1,0.008,0.004,10,4,1.3064,1.048275429,0.967393504,16.1266458,0,
RG-15_8_DOE,2300,0.0762,1,0.008,0.004,6,1,1.3064,2.161288054,0.375499693,17.75530386,0,
RG-15_8_DOE,2300,0.0762,1,0.018,0.009,10,4,1.3064,0.638891052,1.213797256,16.19757318,0,
RG-15_8_DOE,2300,0.0762,1,0.018,0.009,6,1,1.3064,1.158683204,0.413832767,16.41014051,0,
RG-15_8_DOE,2300,0.0762,2,0.008,0.004,10,4,1.5764,2.013834356,0.823507104,17.20025229,0,
RG-15_8_DOE,2300,0.0762,2,0.008,0.004,6,1,1.5764,4.24001935,0.315211852,16.99107909,0,
RG-15_8_DOE,2300,0.0762,2,0.018,0.009,10,4,1.5764,1.194667778,1.052032115,17.97152281,0,
RG-15_8_DOE,2300,0.0762,2,0.018,0.009,6,1,1.5764,2.23468866,0.351360612,19.73603606,0,
RG-15_8_DOE,2300,0.1016,1,0.008,0.004,10,4,1.3064,0.443990119,2.074367481,30.41047931,0.443990119,
RG-15_8_DOE,2300,0.1016,1,0.008,0.004,6,1,1.3064,0.806439504,0.890896481,25.15904975,0,
RG-15_8_DOE,2300,0.1016,1,0.018,0.009,10,4,1.3064,0.288799767,2.53735377,24.92365694,0.288799767,
RG-15_8_DOE,2300,0.1016,1,0.018,0.009,6,1,1.3064,0.464358471,1.006215607,21.95995903,0,
RG-15_8_DOE,2300,0.1016,2,0.008,0.004,10,4,1.5764,0.805382359,1.83469087,23.14350772,0.805382359,
RG-15_8_DOE,2300,0.1016,2,0.008,0.004,6,1,1.5764,1.530008495,0.764731455,21.87999535,0,
RG-15_8_DOE,2300,0.1016,2,0.018,0.009,10,4,1.5764,0.493116015,2.336554523,17.77489185,0.493116015,
RG-15_8_DOE,2300,0.1016,2,0.018,0.009,6,1,1.5764,0.846325541,0.887152081,17.87437868,0,
RG-15_8_DOE,3600,0.0762,1,0.008,0.004,10,4,1.2164,0.66067111,1.078620858,12.71564794,0,
RG-15_8_DOE,3600,0.0762,1,0.008,0.004,6,1,1.2164,1.313602876,0.428924529,12.9141469,0,
RG-15_8_DOE,3600,0.0762,1,0.018,0.009,10,4,1.2164,0.420219715,1.315382299,12.91849899,0,
RG-15_8_DOE,3600,0.0762,1,0.018,0.009,6,1,1.2164,0.725419111,0.463462153,12.77250624,0,
RG-15_8_DOE,3600,0.0762,2,0.008,0.004,10,4,1.3964,1.238463886,0.981047485,12.86656547,0,
RG-15_8_DOE,3600,0.0762,2,0.008,0.004,6,1,1.3964,2.544621706,0.38167586,13.00175238,0,
RG-15_8_DOE,3600,0.0762,2,0.018,0.009,10,4,1.3964,0.758015586,1.227450783,12.93508983,0,
RG-15_8_DOE,3600,0.0762,2,0.018,0.009,6,1,1.3964,1.368033163,0.419851544,13.05394888,0,
RG-15_8_DOE,3600,0.1016,1,0.008,0.004,10,4,1.2164,0.306773792,2.175344194,17.08040047,0.306773792,
RG-15_8_DOE,3600,0.1016,1,0.008,0.004,6,1,1.2164,0.518913103,0.97968006,17.20183945,0,
RG-15_8_DOE,3600,0.1016,1,0.018,0.009,10,4,1.2164,0.216954198,2.516551351,19.14882207,0.216954198,
RG-15_8_DOE,3600,0.1016,1,0.018,0.009,6,1,1.2164,0.318704433,1.059920965,17.15574312,0,
RG-15_8_DOE,3600,0.1016,2,0.008,0.004,10,4,1.3964,0.529278606,2.091079263,17.21481466,0.529278606,
RG-15_8_DOE,3600,0.1016,2,0.008,0.004,6,1,1.3964,0.954652336,0.902271215,17.07428145,0,
RG-15_8_DOE,3600,0.1016,2,0.018,0.009,10,4,1.3964,0.34751893,2.541862729,19.29664326,0.34751893,
RG-15_8_DOE,3600,0.1016,2,0.018,0.009,6,1,1.3964,0.553187501,1.014776842,17.97753906,0,
RG-15_8_DOE,3800,0.0762,1,0.008,0.004,10,4,1.1726,0.91643174,0.742608029,12.9493413,0,
RG-15_8_DOE,3800,0.0762,1,0.008,0.004,6,1,1.1726,1.903407646,0.286837834,12.80648351,0,
RG-15_8_DOE,3800,0.0762,1,0.018,0.009,10,4,1.1726,0.552657694,0.938352811,12.82132268,0,
RG-15_8_DOE,3800,0.0762,1,0.018,0.009,6,1,1.1726,1.014317654,0.317388835,12.9040761,0,
RG-15_8_DOE,3800,0.0762,2,0.008,0.004,10,4,1.3076,1.749662863,0.686886712,12.77359629,0,
RG-15_8_DOE,3800,0.0762,2,0.008,0.004,6,1,1.3076,3.724045669,0.261021301,12.73721576,0,
RG-15_8_DOE,3800,0.0762,2,0.018,0.009,10,4,1.3076,1.023244836,0.88588818,12.76453328,0,
RG-15_8_DOE,3800,0.0762,2,0.018,0.009,6,1,1.3076,1.945527433,0.29266966,12.80896401,0,
RG-15_8_DOE,3800,0.1016,1,0.008,0.004,10,4,1.1726,0.380075573,1.614832733,19.20817614,0.380075573,
RG-15_8_DOE,3800,0.1016,1,0.008,0.004,6,1,1.1726,0.700856394,0.686586665,17.04622936,0,
RG-15_8_DOE,3800,0.1016,1,0.018,0.009,10,4,1.1726,0.242076685,2.003164235,19.38813615,0.242076685,
RG-15_8_DOE,3800,0.1016,1,0.018,0.009,6,1,1.1726,0.398232936,0.782362691,18.98569131,0,
RG-15_8_DOE,3800,0.1016,2,0.008,0.004,10,4,1.3076,0.676933697,1.5644862,17.05512905,0.676933697,
RG-15_8_DOE,3800,0.1016,2,0.008,0.004,6,1,1.3076,1.320600974,0.640661496,17.09021521,0,
RG-15_8_DOE,3800,0.1016,2,0.018,0.009,10,4,1.3076,0.400175655,2.039606553,19.16857624,0.400175655,
RG-15_8_DOE,3800,0.1016,2,0.018,0.009,6,1,1.3076,0.713168471,0.755207802,16.9926722,0,
SD7037_DOE,2300,0.0762,1,0.008,0.004,10,4,1.3064,0.93265928,1.053968542,13.07899809,0,
SD7037_DOE,2300,0.0762,1,0.008,0.004,6,1,1.3064,1.669373463,0.55554239,12.89131165,0,
SD7037_DOE,2300,0.0762,1,0.018,0.009,10,4,1.3064,0.54838167,1.393582394,12.88098526,0,
SD7037_DOE,2300,0.0762,1,0.018,0.009,6,1,1.3064,0.905769947,0.707543623,12.8650279,0,
SD7037_DOE,2300,0.0762,2,0.008,0.004,10,4,1.5764,1.782544553,0.900283187,12.86432791,0,
SD7037_DOE,2300,0.0762,2,0.008,0.004,6,1,1.5764,3.256157408,0.468143526,12.96487927,0,
SD7037_DOE,2300,0.0762,2,0.018,0.009,10,4,1.5764,1.013392348,1.217398045,12.90298009,0,
SD7037_DOE,2300,0.0762,2,0.018,0.009,6,1,1.5764,1.728748969,0.604932539,12.9031384,0,
SD7037_DOE,2300,0.1016,1,0.008,0.004,10,4,1.3064,0.402452895,2.230584852,17.04843521,0.402452895,
SD7037_DOE,2300,0.1016,1,0.008,0.004,6,1,1.3064,0.647454789,1.268865476,17.03389764,0,
SD7037_DOE,2300,0.1016,1,0.018,0.009,10,4,1.3064,0.263681564,2.779154005,19.37527895,0.263681564,
SD7037_DOE,2300,0.1016,1,0.018,0.009,6,1,1.3064,0.381478133,1.585340443,17.1156342,0.381478133,
SD7037_DOE,2300,0.1016,2,0.008,0.004,10,4,1.5764,0.72201873,1.98743478,17.19557738,0.72201873,
SD7037_DOE,2300,0.1016,2,0.008,0.004,6,1,1.5764,1.211813245,1.099076256,17.27895713,0,
SD7037_DOE,2300,0.1016,2,0.018,0.009,10,4,1.5764,0.44231243,2.589660133,19.22207737,0.44231243,
SD7037_DOE,2300,0.1016,2,0.018,0.009,6,1,1.5764,0.679008854,1.419978457,16.85133481,0,
SD7037_DOE,3600,0.0762,1,0.008,0.004,10,4,1.2164,0.592884596,1.168427586,12.72302079,0,
SD7037_DOE,3600,0.0762,1,0.008,0.004,6,1,1.2164,1.024994552,0.630295331,12.86701202,0,
SD7037_DOE,3600,0.0762,1,0.018,0.009,10,4,1.2164,0.367422376,1.491705614,12.85399127,0,
SD7037_DOE,3600,0.0762,1,0.018,0.009,6,1,1.2164,0.577122555,0.783174817,12.81425166,0,
SD7037_DOE,3600,0.0762,2,0.008,0.004,10,4,1.3964,1.102781134,1.06825663,13.02324414,0,
SD7037_DOE,3600,0.0762,2,0.008,0.004,6,1,1.3964,1.967347138,0.564318599,12.91289377,0,
SD7037_DOE,3600,0.0762,2,0.018,0.009,10,4,1.3964,0.651788298,1.407588536,12.89566493,0,
SD7037_DOE,3600,0.0762,2,0.018,0.009,6,1,1.3964,1.071224602,0.717029388,12.96710205,0,
SD7037_DOE,3600,0.1016,1,0.008,0.004,10,4,1.2164,0.282526402,2.314523956,19.14759922,0.282526402,
SD7037_DOE,3600,0.1016,1,0.008,0.004,6,1,1.2164,0.425221241,1.376419553,16.99975657,0,
SD7037_DOE,3600,0.1016,1,0.018,0.009,10,4,1.2164,0.202744557,2.713971253,19.22495389,0.202744557,
SD7037_DOE,3600,0.1016,1,0.018,0.009,6,1,1.2164,0.270341748,1.634678987,19.32630873,0.270341748,
SD7037_DOE,3600,0.1016,2,0.008,0.004,10,4,1.3964,0.480655811,2.245767592,17.02694678,0.480655811,
SD7037_DOE,3600,0.1016,2,0.008,0.004,6,1,1.3964,0.768066306,1.283260697,17.05636024,0,
SD7037_DOE,3600,0.1016,2,0.018,0.009,10,4,1.3964,0.318117444,2.779284194,19.47618461,0.318117444,
SD7037_DOE,3600,0.1016,2,0.018,0.009,6,1,1.3964,0.45614292,1.594876902,17.04819822,0.45614292,
SD7037_DOE,3800,0.0762,1,0.008,0.004,10,4,1.1726,0.813939844,0.810005072,12.82571292,0,
SD7037_DOE,3800,0.0762,1,0.008,0.004,6,1,1.1726,1.467161569,0.424952639,12.79322553,0,
SD7037_DOE,3800,0.0762,1,0.018,0.009,10,4,1.1726,0.472320853,1.080445361,12.76420522,0,
SD7037_DOE,3800,0.0762,1,0.018,0.009,6,1,1.1726,0.790105152,0.543936473,13.03873897,0,
SD7037_DOE,3800,0.0762,2,0.008,0.004,10,4,1.3076,1.544548588,0.752274838,12.73792291,0,
SD7037_DOE,3800,0.0762,2,0.008,0.004,6,1,1.3076,2.8514504,0.388427753,12.87482023,0,
SD7037_DOE,3800,0.0762,2,0.018,0.009,10,4,1.3076,0.862520251,1.029460444,12.70888543,0,
SD7037_DOE,3800,0.0762,2,0.018,0.009,6,1,1.3076,1.4968421,0.505726556,12.7296052,0,
SD7037_DOE,3800,0.1016,1,0.008,0.004,10,4,1.1726,0.343103756,1.74121108,19.34190416,0.343103756,
SD7037_DOE,3800,0.1016,1,0.008,0.004,6,1,1.1726,0.560229853,0.980732723,17.1516335,0,
SD7037_DOE,3800,0.1016,1,0.018,0.009,10,4,1.1726,0.219684386,2.202956635,19.11583948,0.219684386,
SD7037_DOE,3800,0.1016,1,0.018,0.009,6,1,1.1726,0.324476986,1.23942235,19.2765255,0,
SD7037_DOE,3800,0.1016,2,0.008,0.004,10,4,1.3076,0.603081354,1.701816689,17.16991854,0.603081354,
SD7037_DOE,3800,0.1016,2,0.008,0.004,6,1,1.3076,1.038447334,0.925195451,17.17726874,0,
SD7037_DOE,3800,0.1016,2,0.018,0.009,10,4,1.3076,0.354957564,2.277453021,19.15297556,0.354957564,
SD7037_DOE,3800,0.1016,2,0.018,0.009,6,1,1.3076,0.565739332,1.217940248,17.21782804,0,
SD7062_DOE,2300,0.0762,1,0.008,0.004,10,4,1.3064,0.828982424,1.126176418,12.95540953,0,
SD7062_DOE,2300,0.0762,1,0.008,0.004,6,1,1.3064,1.326191538,0.693854135,12.88382816,0,
SD7062_DOE,2300,0.0762,1,0.018,0.009,10,4,1.3064,0.651334016,1.720104934,13.09677172,0.651334016,
SD7062_DOE,2300,0.0762,1,0.018,0.009,6,1,1.3064,1.142126446,1.123197988,12.86846566,0,
SD7062_DOE,2300,0.0762,2,0.008,0.004,10,4,1.5764,1.575115207,0.965735443,13.02846909,0,
SD7062_DOE,2300,0.0762,2,0.008,0.004,6,1,1.5764,2.569745963,0.587275609,12.72646451,0,
SD7062_DOE,2300,0.0762,2,0.018,0.009,10,4,1.5764,1.219579579,1.489522593,12.81084871,0,
SD7062_DOE,2300,0.0762,2,0.018,0.009,6,1,1.5764,2.201570081,0.953982721,12.90630484,0,
SD7062_DOE,2300,0.1016,1,0.008,0.004,10,4,1.3064,0.363692636,2.341206568,17.11855507,0.363692636,
SD7062_DOE,2300,0.1016,1,0.008,0.004,6,1,1.3064,0.539275885,1.521487001,17.1627264,0.539275885,
SD7062_DOE,2300,0.1016,1,0.018,0.009,10,4,1.3064,0.260529445,3.087089137,19.07854366,0.260529445,
SD7062_DOE,2300,0.1016,1,0.018,0.009,6,1,1.3064,0.350324077,2.16347183,17.16443586,0.350324077,
SD7062_DOE,2300,0.1016,2,0.008,0.004,10,4,1.5764,0.643440815,2.105491102,17.07277131,0.643440815,
SD7062_DOE,2300,0.1016,2,0.008,0.004,6,1,1.5764,0.99514593,1.330395626,17.1004343,0,
SD7062_DOE,2300,0.1016,2,0.018,0.009,10,4,1.5764,0.435919298,2.881460861,19.16666293,0.435919298,
SD7062_DOE,2300,0.1016,2,0.018,0.009,6,1,1.5764,0.616702208,1.952138571,17.16861153,0.616702208,
SD7062_DOE,3600,0.0762,1,0.008,0.004,10,4,1.2164,0.532120987,1.240419657,12.89817715,0,
SD7062_DOE,3600,0.0762,1,0.008,0.004,6,1,1.2164,0.823670293,0.781224165,13.10872602,0,
SD7062_DOE,3600,0.0762,1,0.018,0.009,10,4,1.2164,0.428108104,1.864922274,12.85639691,0.428108104,
SD7062_DOE,3600,0.0762,1,0.018,0.009,6,1,1.2164,0.715708798,1.257130777,12.86721158,0,
SD7062_DOE,3600,0.0762,2,0.008,0.004,10,4,1.3964,0.981108418,1.140733334,12.837219,0,
SD7062_DOE,3600,0.0762,2,0.008,0.004,6,1,1.3964,1.564611484,0.704304013,12.83938789,0,
SD7062_DOE,3600,0.0762,2,0.018,0.009,10,4,1.3964,0.772619101,1.739693111,12.88796067,0.772619101,
SD7062_DOE,3600,0.0762,2,0.018,0.009,6,1,1.3964,1.348603001,1.139467258,12.8368814,0,
SD7062_DOE,3600,0.1016,1,0.008,0.004,10,4,1.2164,0.260029639,2.399862855,19.45212102,0.260029639,
SD7062_DOE,3600,0.1016,1,0.008,0.004,6,1,1.2164,0.362119247,1.626222986,17.06144547,0.362119247,
SD7062_DOE,3600,0.1016,1,0.018,0.009,10,4,1.2164,0.200976334,3.008125975,19.07845855,0.200976334,
SD7062_DOE,3600,0.1016,1,0.018,0.009,6,1,1.2164,0.252293425,2.20698578,19.15447712,0.252293425,
SD7062_DOE,3600,0.1016,2,0.008,0.004,10,4,1.3964,0.435287841,2.353805304,17.07222795,0.435287841,
SD7062_DOE,3600,0.1016,2,0.008,0.004,6,1,1.3964,0.641100945,1.536562127,16.99600172,0.641100945,
SD7062_DOE,3600,0.1016,2,0.018,0.009,10,4,1.3964,0.314430114,3.086477482,19.11170101,0.314430114,
SD7062_DOE,3600,0.1016,2,0.018,0.009,6,1,1.3964,0.419614108,2.173985639,16.97206593,0.419614108,
SD7062_DOE,3800,0.0762,1,0.008,0.004,10,4,1.1726,0.720801886,0.867625524,12.85896182,0,
SD7062_DOE,3800,0.0762,1,0.008,0.004,6,1,1.1726,1.16284199,0.531575346,12.78736234,0,
SD7062_DOE,3800,0.0762,1,0.018,0.009,10,4,1.1726,0.56366003,1.329389487,12.82015562,0,
SD7062_DOE,3800,0.0762,1,0.018,0.009,6,1,1.1726,0.999638126,0.861542791,12.86230373,0,
SD7062_DOE,3800,0.0762,2,0.008,0.004,10,4,1.3076,1.360600546,0.808631789,12.85214806,0,
SD7062_DOE,3800,0.0762,2,0.008,0.004,6,1,1.3076,2.242679148,0.488384845,12.80181789,0,
SD7062_DOE,3800,0.0762,2,0.018,0.009,10,4,1.3076,1.045333605,1.253685973,12.87538624,0,
SD7062_DOE,3800,0.0762,2,0.018,0.009,6,1,1.3076,1.916155988,0.794779143,12.87231421,0,
SD7062_DOE,3800,0.1016,1,0.008,0.004,10,4,1.1726,0.308678364,1.833010263,19.27084804,0.308678364,
SD7062_DOE,3800,0.1016,1,0.008,0.004,6,1,1.1726,0.464229328,1.180031177,16.9449873,0,
SD7062_DOE,3800,0.1016,1,0.018,0.009,10,4,1.1726,0.216870653,2.448458829,19.42812586,0.216870653,
SD7062_DOE,3800,0.1016,1,0.018,0.009,6,1,1.1726,0.296800118,1.695878787,19.27994537,0.296800118,
SD7062_DOE,3800,0.1016,2,0.008,0.004,10,4,1.3076,0.534051275,1.810542377,17.03204036,0.534051275,
SD7062_DOE,3800,0.1016,2,0.008,0.004,6,1,1.3076,0.846343372,1.125587103,17.23128486,0,
SD7062_DOE,3800,0.1016,2,0.018,0.009,10,4,1.3076,0.349262039,2.536806735,19.34180307,0.349262039,
SD7062_DOE,3800,0.1016,2,0.018,0.009,6,1,1.3076,0.510214438,1.682276324,17.05430865,0.510214438,
