Airfoil,Motor,Diameter,Battery,Root Chord,Tip Chord,Root Pitch,Tip Pitch,Mass [kg],Flight Time [hr],Thrust to Weight,Sim Time [s]
MH30_7_DOE,2300,0.0761999999999999,1,0.008,0.004,10,4,1.3064,1.1331363551632394,0.9127990167263713,13.035333633422852
MH30_7_DOE,2300,0.0761999999999999,1,0.008,0.004,6,1,1.3064,2.063994769410381,0.37932194894370136,13.16418194770813
MH30_7_DOE,2300,0.0761999999999999,1,0.018,0.009,10,4,1.3064,0.6306563358929502,1.2243263902353536,12.99218487739563
MH30_7_DOE,2300,0.0761999999999999,1,0.018,0.009,6,1,1.3064,1.095251075705953,0.47404678675576734,12.856972694396973
MH30_7_DOE,2300,0.0761999999999999,2,0.008,0.004,10,4,1.5764,2.1835870499589536,0.7754360995793411,12.87202787399292
MH30_7_DOE,2300,0.0761999999999999,2,0.008,0.004,6,1,1.5764,4.045428081630757,0.3186156624477981,13.000994682312012
MH30_7_DOE,2300,0.0761999999999999,2,0.018,0.009,10,4,1.5764,1.178180227577919,1.0618120318143156,13.022563457489014
MH30_7_DOE,2300,0.0761999999999999,2,0.018,0.009,6,1,1.5764,2.1078036603140555,0.4030633459729047,12.994065523147583
MH30_7_DOE,2300,0.1016,1,0.008,0.004,10,4,1.3064,0.47699149876781216,1.9576201040642067,17.2008957862854
MH30_7_DOE,2300,0.1016,1,0.008,0.004,6,1,1.3064,0.7727483327051716,0.9157206295798531,17.17031240463257
MH30_7_DOE,2300,0.1016,1,0.018,0.009,10,4,1.3064,0.28984348498239443,2.546051256099988,19.557511568069458
MH30_7_DOE,2300,0.1016,1,0.018,0.009,6,1,1.3064,0.44830111660484373,1.026100061548199,17.37612509727478
MH30_7_DOE,2300,0.1016,2,0.008,0.004,10,4,1.5764,0.8717075335627616,1.722865543579115,17.490437507629395
MH30_7_DOE,2300,0.1016,2,0.008,0.004,6,1,1.5764,1.462591059976612,0.7872926233989099,17.231210947036743
MH30_7_DOE,2300,0.1016,2,0.018,0.009,10,4,1.5764,0.49522263746187467,2.3435393736851053,17.198167324066162
MH30_7_DOE,2300,0.1016,2,0.018,0.009,6,1,1.5764,0.8140502963792673,0.9069120608305443,17.189330339431763
MH30_7_DOE,3600,0.0761999999999999,1,0.008,0.004,10,4,1.2164,0.7104363243907166,1.0212970897706242,12.949834108352661
MH30_7_DOE,3600,0.0761999999999999,1,0.008,0.004,6,1,1.2164,1.2565189644540404,0.4328192723828225,12.691294431686401
MH30_7_DOE,3600,0.0761999999999999,1,0.018,0.009,10,4,1.2164,0.41541112647775136,1.3254984495484923,12.948869228363037
MH30_7_DOE,3600,0.0761999999999999,1,0.018,0.009,6,1,1.2164,0.6882182833904492,0.5296046418559555,12.834285259246826
MH30_7_DOE,3600,0.0761999999999999,2,0.008,0.004,10,4,1.3963999999999999,1.3380526837936642,0.925990702852083,13.412673950195312
MH30_7_DOE,3600,0.0761999999999999,2,0.008,0.004,6,1,1.3963999999999999,2.4304457335232,0.3855214721845529,13.463650941848755
MH30_7_DOE,3600,0.0761999999999999,2,0.018,0.009,10,4,1.3963999999999999,0.7483509890232213,1.2379819641674206,12.835517406463623
MH30_7_DOE,3600,0.0761999999999999,2,0.018,0.009,6,1,1.3963999999999999,1.293592368234887,0.48082922778582626,12.840670824050903
MH30_7_DOE,3600,0.1016,1,0.008,0.004,10,4,1.2164,0.32610621328905265,2.0674501539563295,17.337315559387207
MH30_7_DOE,3600,0.1016,1,0.008,0.004,6,1,1.2164,0.4991771924260882,1.0043632518873398,17.112289905548096
MH30_7_DOE,3600,0.1016,1,0.018,0.009,10,4,1.2164,0.21754840313084986,2.526646543592715,19.409677743911743
MH30_7_DOE,3600,0.1016,1,0.018,0.009,6,1,1.2164,0.3092985684645717,1.0771013617793708,17.22004723548889
MH30_7_DOE,3600,0.1016,2,0.008,0.004,10,4,1.3963999999999999,0.5688394568623335,1.9728823594991254,17.12899422645569
MH30_7_DOE,3600,0.1016,2,0.008,0.004,6,1,1.3963999999999999,0.9151126109790659,0.9271802635581141,17.056625843048096
MH30_7_DOE,3600,0.1016,2,0.018,0.009,10,4,1.3963999999999999,0.34874119844873713,2.550739787804029,19.306652307510376
MH30_7_DOE,3600,0.1016,2,0.018,0.009,6,1,1.3963999999999999,0.5343389967867928,1.034468258931993,17.362800359725952
MH30_7_DOE,3800,0.0761999999999999,1,0.008,0.004,10,4,1.1726,0.9916674187139561,0.7002055265812422,12.876622438430786
MH30_7_DOE,3800,0.0761999999999999,1,0.008,0.004,6,1,1.1726,1.817122658676627,0.28982142694683866,12.852696895599365
MH30_7_DOE,3800,0.0761999999999999,1,0.018,0.009,10,4,1.1726,0.545376812757028,0.9466749629735481,13.103186845779419
MH30_7_DOE,3800,0.0761999999999999,1,0.018,0.009,6,1,1.1726,0.9580785540202562,0.363749611587179,12.99429726600647
MH30_7_DOE,3800,0.0761999999999999,2,0.008,0.004,10,4,1.3076,1.900207644269494,0.6460961679047965,13.120746374130249
MH30_7_DOE,3800,0.0761999999999999,2,0.008,0.004,6,1,1.3076,3.551459983072742,0.2639228613409553,12.88339114189148
MH30_7_DOE,3800,0.0761999999999999,2,0.018,0.009,10,4,1.3076,1.008625809892112,0.8944174450751649,12.876728057861328
MH30_7_DOE,3800,0.0761999999999999,2,0.018,0.009,6,1,1.3076,1.832999024751306,0.33598774471629816,12.728458166122437
MH30_7_DOE,3800,0.1016,1,0.008,0.004,10,4,1.1726,0.40948908922167937,1.5210619557787244,19.08521842956543
MH30_7_DOE,3800,0.1016,1,0.008,0.004,6,1,1.1726,0.6710492661915054,0.7060872947126982,17.37653422355652
MH30_7_DOE,3800,0.1016,1,0.018,0.009,10,4,1.1726,0.24300623322054085,2.009729065092408,19.254016399383545
MH30_7_DOE,3800,0.1016,1,0.018,0.009,6,1,1.1726,0.38391964148515006,0.7985749039373885,19.200722694396973
MH30_7_DOE,3800,0.1016,2,0.008,0.004,10,4,1.3076,0.7356322577150484,1.4651978031914776,17.351237535476685
MH30_7_DOE,3800,0.1016,2,0.008,0.004,6,1,1.3076,1.260817573910791,0.6601178452881197,17.116429567337036
MH30_7_DOE,3800,0.1016,2,0.018,0.009,10,4,1.3076,0.40204938348618113,2.0451468480572514,19.18504786491394
MH30_7_DOE,3800,0.1016,2,0.018,0.009,6,1,1.3076,0.6846047164178922,0.77305595389819,17.02047109603882
NACA2412_DOE,2300,0.0761999999999999,1,0.008,0.004,10,4,1.3064,0.9887515683171021,0.9959791062736635,13.031250476837158
NACA2412_DOE,2300,0.0761999999999999,1,0.008,0.004,6,1,1.3064,1.8603713877767447,0.49244125154798435,12.98988676071167
NACA2412_DOE,2300,0.0761999999999999,1,0.018,0.009,10,4,1.3064,0.561873383126075,1.3758923729492256,13.063074827194214
NACA2412_DOE,2300,0.0761999999999999,1,0.018,0.009,6,1,1.3064,1.0723081928229108,0.5779163693159353,13.226584434509277
NACA2412_DOE,2300,0.0761999999999999,2,0.008,0.004,10,4,1.5764,1.894759741495152,0.8492495557561265,12.964716911315918
NACA2412_DOE,2300,0.0761999999999999,2,0.008,0.004,6,1,1.5764,3.6381690421851833,0.4142495265087897,12.917467832565308
NACA2412_DOE,2300,0.0761999999999999,2,0.018,0.009,10,4,1.5764,1.0404236924910943,1.200327316899125,12.835556983947754
NACA2412_DOE,2300,0.0761999999999999,2,0.018,0.009,6,1,1.5764,2.061909412829468,0.49165610226338896,12.938706398010254
NACA2412_DOE,2300,0.1016,1,0.008,0.004,10,4,1.3064,0.42365096750422465,2.099937498961694,17.07734513282776
NACA2412_DOE,2300,0.1016,1,0.008,0.004,6,1,1.3064,0.6990910531025141,1.1461527205070925,16.992443084716797
NACA2412_DOE,2300,0.1016,1,0.018,0.009,10,4,1.3064,0.26673312600812993,2.7673832071175433,19.297849416732788
NACA2412_DOE,2300,0.1016,1,0.018,0.009,6,1,1.3064,0.4315474780089976,1.3367173714835545,17.13579797744751
NACA2412_DOE,2300,0.1016,2,0.008,0.004,10,4,1.5764,0.7644682219471598,1.8638113633966855,16.980994939804077
NACA2412_DOE,2300,0.1016,2,0.008,0.004,6,1,1.5764,1.3151786455879408,0.989399217434279,17.237022876739502
NACA2412_DOE,2300,0.1016,2,0.018,0.009,10,4,1.5764,0.44849720489585915,2.5746044755241217,19.001044511795044
NACA2412_DOE,2300,0.1016,2,0.018,0.009,6,1,1.5764,0.7803568022546395,1.1847487059132176,16.902487993240356
NACA2412_DOE,3600,0.0761999999999999,1,0.008,0.004,10,4,1.2164,0.6257693170139781,1.1073997703312353,12.746562480926514
NACA2412_DOE,3600,0.0761999999999999,1,0.008,0.004,6,1,1.2164,1.1370511566598775,0.5604107344330419,12.82363224029541
NACA2412_DOE,3600,0.0761999999999999,1,0.018,0.009,10,4,1.2164,0.37528336925923456,1.4758520095845475,13.496952056884766
NACA2412_DOE,3600,0.0761999999999999,1,0.018,0.009,6,1,1.2164,0.6747639626975303,0.6450337115598561,12.879340171813965
NACA2412_DOE,3600,0.0761999999999999,2,0.008,0.004,10,4,1.3963999999999999,1.1686091067069218,1.0097665885335465,12.781954050064087
NACA2412_DOE,3600,0.0761999999999999,2,0.008,0.004,6,1,1.3963999999999999,2.191488551366837,0.5003649488872285,12.837294816970825
NACA2412_DOE,3600,0.0761999999999999,2,0.018,0.009,10,4,1.3963999999999999,0.6676232678850351,1.3899994101045579,12.870178937911987
NACA2412_DOE,3600,0.0761999999999999,2,0.018,0.009,6,1,1.3963999999999999,1.2666676674063493,0.5861315666481374,13.128133296966553
NACA2412_DOE,3600,0.1016,1,0.008,0.004,10,4,1.2164,0.2948648783323164,2.1914693144047037,19.293771505355835
NACA2412_DOE,3600,0.1016,1,0.008,0.004,6,1,1.2164,0.45604982937955,1.2489039566159756,16.966835021972656
NACA2412_DOE,3600,0.1016,1,0.018,0.009,10,4,1.2164,0.2044600491112411,2.70803257876686,19.424362421035767
NACA2412_DOE,3600,0.1016,1,0.018,0.009,6,1,1.2164,0.29948782759969966,1.3976919089863078,19.29236388206482
NACA2412_DOE,3600,0.1016,2,0.008,0.004,10,4,1.3963999999999999,0.5054036087627332,2.115818617152675,17.22882843017578
NACA2412_DOE,3600,0.1016,2,0.008,0.004,6,1,1.3963999999999999,0.8286679583521419,1.1597653000906463,17.07381248474121
NACA2412_DOE,3600,0.1016,2,0.018,0.009,10,4,1.3963999999999999,0.32168771588119144,2.7681509932102686,24.78844952583313
NACA2412_DOE,3600,0.1016,2,0.018,0.009,6,1,1.3963999999999999,0.5146729279564548,1.3470899211502416,23.04681658744812
NACA2412_DOE,3800,0.0761999999999999,1,0.008,0.004,10,4,1.1726,0.8636629837556037,0.7649829670116488,16.41161584854126
NACA2412_DOE,3800,0.0761999999999999,1,0.008,0.004,6,1,1.1726,1.6365413146375185,0.37645161369544705,16.78568434715271
NACA2412_DOE,3800,0.0761999999999999,1,0.018,0.009,10,4,1.1726,0.4843081128251448,1.0661915218659006,16.760113954544067
NACA2412_DOE,3800,0.0761999999999999,1,0.018,0.009,6,1,1.1726,0.9377380472322142,0.4435371538823083,17.194655895233154
NACA2412_DOE,3800,0.0761999999999999,2,0.008,0.004,10,4,1.3076,1.6440634080548107,0.7089744249386793,18.19648504257202
NACA2412_DOE,3800,0.0761999999999999,2,0.008,0.004,6,1,1.3076,3.190257862212392,0.34340366730867494,19.05835223197937
NACA2412_DOE,3800,0.0761999999999999,2,0.018,0.009,10,4,1.3076,0.8864860223642718,1.0142930143330022,18.493489027023315
NACA2412_DOE,3800,0.0761999999999999,2,0.018,0.009,6,1,1.3076,1.7922978659384183,0.4099578561844384,18.811277627944946
NACA2412_DOE,3800,0.1016,1,0.008,0.004,10,4,1.1726,0.3619305623998741,1.6369469946907815,26.44865870475769
NACA2412_DOE,3800,0.1016,1,0.008,0.004,6,1,1.1726,0.6058942366420638,0.8849255262643728,23.034522533416748
NACA2412_DOE,3800,0.1016,1,0.018,0.009,10,4,1.1726,0.2224074311893941,2.19243819716505,25.15273404121399
NACA2412_DOE,3800,0.1016,1,0.018,0.009,6,1,1.1726,0.3689770680080954,1.041434630529108,25.530157327651978
NACA2412_DOE,3800,0.1016,2,0.008,0.004,10,4,1.3076,0.6407260571413104,1.5923242392130301,23.408159255981445
NACA2412_DOE,3800,0.1016,2,0.008,0.004,6,1,1.3076,1.1301013848438368,0.8313577966820629,22.476924896240234
NACA2412_DOE,3800,0.1016,2,0.018,0.009,10,4,1.3076,0.36046614739580507,2.2619285085248033,25.845245599746704
NACA2412_DOE,3800,0.1016,2,0.018,0.009,6,1,1.3076,0.6547867452060805,1.0114086280283852,23.157582998275757
RG-15_8_DOE,2300,0.0761999999999999,1,0.008,0.004,10,4,1.3064,1.0482754286474927,0.967393504123444,16.126645803451538
RG-15_8_DOE,2300,0.0761999999999999,1,0.008,0.004,6,1,1.3064,2.161288053740851,0.3754996934351181,17.755303859710693
RG-15_8_DOE,2300,0.0761999999999999,1,0.018,0.009,10,4,1.3064,0.6388910522709865,1.2137972558326313,16.19757318496704
RG-15_8_DOE,2300,0.0761999999999999,1,0.018,0.009,6,1,1.3064,1.158683203848552,0.4138327670760889,16.41014051437378
RG-15_8_DOE,2300,0.0761999999999999,2,0.008,0.004,10,4,1.5764,2.013834355810374,0.823507103782727,17.200252294540405
RG-15_8_DOE,2300,0.0761999999999999,2,0.008,0.004,6,1,1.5764,4.240019350455459,0.31521185224505255,16.991079092025757
RG-15_8_DOE,2300,0.0761999999999999,2,0.018,0.009,10,4,1.5764,1.1946677783569175,1.0520321149974456,17.97152280807495
RG-15_8_DOE,2300,0.0761999999999999,2,0.018,0.009,6,1,1.5764,2.2346886602903493,0.3513606121699839,19.7360360622406
RG-15_8_DOE,2300,0.1016,1,0.008,0.004,10,4,1.3064,0.4439901189415199,2.0743674813475836,30.410479307174683
RG-15_8_DOE,2300,0.1016,1,0.008,0.004,6,1,1.3064,0.8064395040219181,0.8908964807932505,25.15904974937439
RG-15_8_DOE,2300,0.1016,1,0.018,0.009,10,4,1.3064,0.28879976689993686,2.5373537696245445,24.923656940460205
RG-15_8_DOE,2300,0.1016,1,0.018,0.009,6,1,1.3064,0.46435847144127035,1.006215606904751,21.959959030151367
RG-15_8_DOE,2300,0.1016,2,0.008,0.004,10,4,1.5764,0.8053823588113456,1.83469087041695,23.143507719039917
RG-15_8_DOE,2300,0.1016,2,0.008,0.004,6,1,1.5764,1.53000849536718,0.7647314546194276,21.879995346069336
RG-15_8_DOE,2300,0.1016,2,0.018,0.009,10,4,1.5764,0.49311601462874316,2.3365545228972113,17.77489185333252
RG-15_8_DOE,2300,0.1016,2,0.018,0.009,6,1,1.5764,0.846325541151558,0.8871520805034445,17.87437868118286
RG-15_8_DOE,3600,0.0761999999999999,1,0.008,0.004,10,4,1.2164,0.6606711102011507,1.0786208578893075,12.71564793586731
RG-15_8_DOE,3600,0.0761999999999999,1,0.008,0.004,6,1,1.2164,1.3136028756694063,0.4289245285901541,12.914146900177002
RG-15_8_DOE,3600,0.0761999999999999,1,0.018,0.009,10,4,1.2164,0.42021971537281844,1.3153822988164343,12.918498992919922
RG-15_8_DOE,3600,0.0761999999999999,1,0.018,0.009,6,1,1.2164,0.7254191109223243,0.46346215320160955,12.77250623703003
RG-15_8_DOE,3600,0.0761999999999999,2,0.008,0.004,10,4,1.3963999999999999,1.2384638860580708,0.9810474854642287,12.866565465927124
RG-15_8_DOE,3600,0.0761999999999999,2,0.008,0.004,6,1,1.3963999999999999,2.5446217061545298,0.381675860226784,13.001752376556396
RG-15_8_DOE,3600,0.0761999999999999,2,0.018,0.009,10,4,1.3963999999999999,0.7580155864755599,1.2274507831667,12.935089826583862
RG-15_8_DOE,3600,0.0761999999999999,2,0.018,0.009,6,1,1.3963999999999999,1.368033162536889,0.4198515444305716,13.053948879241943
RG-15_8_DOE,3600,0.1016,1,0.008,0.004,10,4,1.2164,0.30677379240265407,2.175344194013054,17.080400466918945
RG-15_8_DOE,3600,0.1016,1,0.008,0.004,6,1,1.2164,0.5189131034829074,0.9796800595385768,17.201839447021484
RG-15_8_DOE,3600,0.1016,1,0.018,0.009,10,4,1.2164,0.2169541984164463,2.516551350725793,19.14882206916809
RG-15_8_DOE,3600,0.1016,1,0.018,0.009,6,1,1.2164,0.3187044329614647,1.05992096503392,17.15574312210083
RG-15_8_DOE,3600,0.1016,2,0.008,0.004,10,4,1.3963999999999999,0.5292786057004798,2.0910792634075723,17.21481466293335
RG-15_8_DOE,3600,0.1016,2,0.008,0.004,6,1,1.3963999999999999,0.9546523355844748,0.9022712149598431,17.074281454086304
RG-15_8_DOE,3600,0.1016,2,0.018,0.009,10,4,1.3963999999999999,0.34751893029746617,2.5418627290746887,19.296643257141113
RG-15_8_DOE,3600,0.1016,2,0.018,0.009,6,1,1.3963999999999999,0.5531875009210209,1.0147768424142565,17.9775390625
RG-15_8_DOE,3800,0.0761999999999999,1,0.008,0.004,10,4,1.1726,0.9164317404658218,0.7426080294430938,12.949341297149658
RG-15_8_DOE,3800,0.0761999999999999,1,0.008,0.004,6,1,1.1726,1.9034076462939424,0.2868378336214928,12.806483507156372
RG-15_8_DOE,3800,0.0761999999999999,1,0.018,0.009,10,4,1.1726,0.552657694366095,0.9383528111068676,12.821322679519653
RG-15_8_DOE,3800,0.0761999999999999,1,0.018,0.009,6,1,1.1726,1.0143176535382772,0.31738883454181305,12.904076099395752
RG-15_8_DOE,3800,0.0761999999999999,2,0.008,0.004,10,4,1.3076,1.7496628626585338,0.6868867119377904,12.773596286773682
RG-15_8_DOE,3800,0.0761999999999999,2,0.008,0.004,6,1,1.3076,3.7240456693828925,0.26102130084931624,12.737215757369995
RG-15_8_DOE,3800,0.0761999999999999,2,0.018,0.009,10,4,1.3076,1.02324483613307,0.8858881802585775,12.764533281326294
RG-15_8_DOE,3800,0.0761999999999999,2,0.018,0.009,6,1,1.3076,1.9455274327849865,0.29266966006620027,12.808964014053345
RG-15_8_DOE,3800,0.1016,1,0.008,0.004,10,4,1.1726,0.38007557344576304,1.6148327330459895,19.208176136016846
RG-15_8_DOE,3800,0.1016,1,0.008,0.004,6,1,1.1726,0.7008563936295942,0.6865866651718432,17.046229362487793
RG-15_8_DOE,3800,0.1016,1,0.018,0.009,10,4,1.1726,0.24207668494944062,2.003164234747852,19.38813614845276
RG-15_8_DOE,3800,0.1016,1,0.018,0.009,6,1,1.1726,0.3982329361100313,0.7823626914053593,18.98569130897522
RG-15_8_DOE,3800,0.1016,2,0.008,0.004,10,4,1.3076,0.676933696822551,1.5644861997296464,17.055129051208496
RG-15_8_DOE,3800,0.1016,2,0.008,0.004,6,1,1.3076,1.320600974107988,0.6406614961201135,17.09021520614624
RG-15_8_DOE,3800,0.1016,2,0.018,0.009,10,4,1.3076,0.4001756549658285,2.0396065527368146,19.16857624053955
RG-15_8_DOE,3800,0.1016,2,0.018,0.009,6,1,1.3076,0.7131684709314174,0.7552078015412572,16.992672204971313
SD7037_DOE,2300,0.0761999999999999,1,0.008,0.004,10,4,1.3064,0.9326592796839612,1.0539685423163592,13.07899808883667
SD7037_DOE,2300,0.0761999999999999,1,0.008,0.004,6,1,1.3064,1.669373463467421,0.5555423904502328,12.891311645507812
SD7037_DOE,2300,0.0761999999999999,1,0.018,0.009,10,4,1.3064,0.5483816704890707,1.3935823942188936,12.880985260009766
SD7037_DOE,2300,0.0761999999999999,1,0.018,0.009,6,1,1.3064,0.9057699468243622,0.7075436227642622,12.865027904510498
SD7037_DOE,2300,0.0761999999999999,2,0.008,0.004,10,4,1.5764,1.782544553307754,0.9002831866349085,12.864327907562256
SD7037_DOE,2300,0.0761999999999999,2,0.008,0.004,6,1,1.5764,3.2561574079621565,0.4681435262847663,12.964879274368286
SD7037_DOE,2300,0.0761999999999999,2,0.018,0.009,10,4,1.5764,1.0133923480156228,1.2173980451328723,12.902980089187622
SD7037_DOE,2300,0.0761999999999999,2,0.018,0.009,6,1,1.5764,1.7287489692985094,0.6049325386275435,12.903138399124146
SD7037_DOE,2300,0.1016,1,0.008,0.004,10,4,1.3064,0.4024528950064477,2.230584851708462,17.04843521118164
SD7037_DOE,2300,0.1016,1,0.008,0.004,6,1,1.3064,0.6474547891302281,1.268865476470293,17.033897638320923
SD7037_DOE,2300,0.1016,1,0.018,0.009,10,4,1.3064,0.26368156419124805,2.7791540053594774,19.37527894973755
SD7037_DOE,2300,0.1016,1,0.018,0.009,6,1,1.3064,0.3814781333457543,1.585340442860149,17.115634202957153
SD7037_DOE,2300,0.1016,2,0.008,0.004,10,4,1.5764,0.7220187301939495,1.9874347801979955,17.195577383041382
SD7037_DOE,2300,0.1016,2,0.008,0.004,6,1,1.5764,1.2118132453469364,1.0990762556437588,17.27895712852478
SD7037_DOE,2300,0.1016,2,0.018,0.009,10,4,1.5764,0.44231243000502407,2.589660133017199,19.22207736968994
SD7037_DOE,2300,0.1016,2,0.018,0.009,6,1,1.5764,0.6790088543123697,1.4199784573654894,16.851334810256958
SD7037_DOE,3600,0.0761999999999999,1,0.008,0.004,10,4,1.2164,0.5928845964237821,1.168427586102865,12.723020792007446
SD7037_DOE,3600,0.0761999999999999,1,0.008,0.004,6,1,1.2164,1.024994551735688,0.6302953307837486,12.867012023925781
SD7037_DOE,3600,0.0761999999999999,1,0.018,0.009,10,4,1.2164,0.3674223763202168,1.491705614334194,12.853991270065308
SD7037_DOE,3600,0.0761999999999999,1,0.018,0.009,6,1,1.2164,0.5771225551134207,0.7831748174820666,12.81425166130066
SD7037_DOE,3600,0.0761999999999999,2,0.008,0.004,10,4,1.3963999999999999,1.1027811336916755,1.0682566297023137,13.023244142532349
SD7037_DOE,3600,0.0761999999999999,2,0.008,0.004,6,1,1.3963999999999999,1.96734713826459,0.5643185992935098,12.912893772125244
SD7037_DOE,3600,0.0761999999999999,2,0.018,0.009,10,4,1.3963999999999999,0.651788297928702,1.4075885362912102,12.895664930343628
SD7037_DOE,3600,0.0761999999999999,2,0.018,0.009,6,1,1.3963999999999999,1.0712246017459586,0.7170293882196024,12.96710205078125
SD7037_DOE,3600,0.1016,1,0.008,0.004,10,4,1.2164,0.2825264024992116,2.3145239562081463,19.14759922027588
SD7037_DOE,3600,0.1016,1,0.008,0.004,6,1,1.2164,0.425221240916195,1.37641955302536,16.999756574630737
SD7037_DOE,3600,0.1016,1,0.018,0.009,10,4,1.2164,0.2027445567621934,2.7139712534211005,19.2249538898468
SD7037_DOE,3600,0.1016,1,0.018,0.009,6,1,1.2164,0.2703417484936976,1.6346789872045193,19.326308727264404
SD7037_DOE,3600,0.1016,2,0.008,0.004,10,4,1.3963999999999999,0.48065581072873237,2.245767592161088,17.026946783065796
SD7037_DOE,3600,0.1016,2,0.008,0.004,6,1,1.3963999999999999,0.7680663058768973,1.2832606972236233,17.056360244750977
SD7037_DOE,3600,0.1016,2,0.018,0.009,10,4,1.3963999999999999,0.31811744403867204,2.7792841941287567,19.476184606552124
SD7037_DOE,3600,0.1016,2,0.018,0.009,6,1,1.3963999999999999,0.4561429202228467,1.5948769019733962,17.048198223114014
SD7037_DOE,3800,0.0761999999999999,1,0.008,0.004,10,4,1.1726,0.8139398441662601,0.8100050717510404,12.82571291923523
SD7037_DOE,3800,0.0761999999999999,1,0.008,0.004,6,1,1.1726,1.4671615688681725,0.42495263850208986,12.793225526809692
SD7037_DOE,3800,0.0761999999999999,1,0.018,0.009,10,4,1.1726,0.4723208528223986,1.0804453613692329,12.76420521736145
SD7037_DOE,3800,0.0761999999999999,1,0.018,0.009,6,1,1.1726,0.7901051517735482,0.5439364734143738,13.03873896598816
SD7037_DOE,3800,0.0761999999999999,2,0.008,0.004,10,4,1.3076,1.5445485882985657,0.7522748378951725,12.73792290687561
SD7037_DOE,3800,0.0761999999999999,2,0.008,0.004,6,1,1.3076,2.851450399722763,0.38842775293371995,12.874820232391357
SD7037_DOE,3800,0.0761999999999999,2,0.018,0.009,10,4,1.3076,0.862520251109569,1.0294604438740442,12.708885431289673
SD7037_DOE,3800,0.0761999999999999,2,0.018,0.009,6,1,1.3076,1.4968421002517402,0.5057265555101131,12.729605197906494
SD7037_DOE,3800,0.1016,1,0.008,0.004,10,4,1.1726,0.34310375630928786,1.741211079573628,19.341904163360596
SD7037_DOE,3800,0.1016,1,0.008,0.004,6,1,1.1726,0.5602298527907061,0.9807327231574625,17.151633501052856
SD7037_DOE,3800,0.1016,1,0.018,0.009,10,4,1.1726,0.2196843864878989,2.2029566350623333,19.11583948135376
SD7037_DOE,3800,0.1016,1,0.018,0.009,6,1,1.1726,0.3244769859549024,1.23942235014969,19.276525497436523
SD7037_DOE,3800,0.1016,2,0.008,0.004,10,4,1.3076,0.6030813535196422,1.701816688971858,17.169918537139893
SD7037_DOE,3800,0.1016,2,0.008,0.004,6,1,1.3076,1.0384473339065772,0.925195451443907,17.177268743515015
SD7037_DOE,3800,0.1016,2,0.018,0.009,10,4,1.3076,0.35495756440877146,2.277453021041145,19.15297555923462
SD7037_DOE,3800,0.1016,2,0.018,0.009,6,1,1.3076,0.5657393321871953,1.2179402476641332,17.217828035354614
SD7062_DOE,2300,0.0761999999999999,1,0.008,0.004,10,4,1.3064,0.8289824237980785,1.126176418460432,12.955409526824951
SD7062_DOE,2300,0.0761999999999999,1,0.008,0.004,6,1,1.3064,1.3261915377632767,0.6938541353099925,12.883828163146973
SD7062_DOE,2300,0.0761999999999999,1,0.018,0.009,10,4,1.3064,0.6513340161170272,1.7201049336645944,13.096771717071533
SD7062_DOE,2300,0.0761999999999999,1,0.018,0.009,6,1,1.3064,1.1421264463770398,1.123197988285171,12.868465662002563
SD7062_DOE,2300,0.0761999999999999,2,0.008,0.004,10,4,1.5764,1.5751152069453087,0.9657354433361847,13.02846908569336
SD7062_DOE,2300,0.0761999999999999,2,0.008,0.004,6,1,1.5764,2.5697459626014503,0.587275608654905,12.72646450996399
SD7062_DOE,2300,0.0761999999999999,2,0.018,0.009,10,4,1.5764,1.2195795793478987,1.489522592554998,12.810848712921143
SD7062_DOE,2300,0.0761999999999999,2,0.018,0.009,6,1,1.5764,2.2015700809042538,0.9539827206588835,12.906304836273193
SD7062_DOE,2300,0.1016,1,0.008,0.004,10,4,1.3064,0.3636926355828239,2.3412065676784346,17.118555068969727
SD7062_DOE,2300,0.1016,1,0.008,0.004,6,1,1.3064,0.5392758854117863,1.5214870005644863,17.162726402282715
SD7062_DOE,2300,0.1016,1,0.018,0.009,10,4,1.3064,0.2605294449083663,3.0870891369268074,19.078543663024902
SD7062_DOE,2300,0.1016,1,0.018,0.009,6,1,1.3064,0.3503240770072826,2.1634718298789353,17.164435863494873
SD7062_DOE,2300,0.1016,2,0.008,0.004,10,4,1.5764,0.643440815499943,2.105491101972285,17.072771310806274
SD7062_DOE,2300,0.1016,2,0.008,0.004,6,1,1.5764,0.9951459296046007,1.3303956264182741,17.10043430328369
SD7062_DOE,2300,0.1016,2,0.018,0.009,10,4,1.5764,0.43591929758870596,2.8814608606982954,19.16666293144226
SD7062_DOE,2300,0.1016,2,0.018,0.009,6,1,1.5764,0.6167022084059307,1.9521385714356196,17.168611526489258
SD7062_DOE,3600,0.0761999999999999,1,0.008,0.004,10,4,1.2164,0.5321209870763521,1.2404196568579011,12.898177146911621
SD7062_DOE,3600,0.0761999999999999,1,0.008,0.004,6,1,1.2164,0.8236702928000097,0.7812241647902309,13.108726024627686
SD7062_DOE,3600,0.0761999999999999,1,0.018,0.009,10,4,1.2164,0.42810810437199026,1.8649222741567537,12.856396913528442
SD7062_DOE,3600,0.0761999999999999,1,0.018,0.009,6,1,1.2164,0.7157087984377967,1.2571307772675877,12.86721158027649
SD7062_DOE,3600,0.0761999999999999,2,0.008,0.004,10,4,1.3963999999999999,0.9811084178662506,1.140733333603264,12.837218999862671
SD7062_DOE,3600,0.0761999999999999,2,0.008,0.004,6,1,1.3963999999999999,1.5646114838382728,0.7043040129567082,12.839387893676758
SD7062_DOE,3600,0.0761999999999999,2,0.018,0.009,10,4,1.3963999999999999,0.7726191009299823,1.739693110768943,12.88796067237854
SD7062_DOE,3600,0.0761999999999999,2,0.018,0.009,6,1,1.3963999999999999,1.348603001308494,1.139467257540291,12.836881399154663
SD7062_DOE,3600,0.1016,1,0.008,0.004,10,4,1.2164,0.26002963924361494,2.3998628547257908,19.452121019363403
SD7062_DOE,3600,0.1016,1,0.008,0.004,6,1,1.2164,0.36211924669827694,1.6262229855269217,17.061445474624634
SD7062_DOE,3600,0.1016,1,0.018,0.009,10,4,1.2164,0.20097633405014592,3.00812597486833,19.078458547592163
SD7062_DOE,3600,0.1016,1,0.018,0.009,6,1,1.2164,0.25229342501829666,2.206985779554501,19.1544771194458
SD7062_DOE,3600,0.1016,2,0.008,0.004,10,4,1.3963999999999999,0.43528784103574325,2.3538053036366473,17.072227954864502
SD7062_DOE,3600,0.1016,2,0.008,0.004,6,1,1.3963999999999999,0.6411009447301385,1.5365621271511867,16.996001720428467
SD7062_DOE,3600,0.1016,2,0.018,0.009,10,4,1.3963999999999999,0.3144301140662448,3.0864774816622345,19.111701011657715
SD7062_DOE,3600,0.1016,2,0.018,0.009,6,1,1.3963999999999999,0.4196141079050298,2.173985638821823,16.972065925598145
SD7062_DOE,3800,0.0761999999999999,1,0.008,0.004,10,4,1.1726,0.7208018859136655,0.8676255237579573,12.858961820602417
SD7062_DOE,3800,0.0761999999999999,1,0.008,0.004,6,1,1.1726,1.1628419897242301,0.5315753457379033,12.787362337112427
SD7062_DOE,3800,0.0761999999999999,1,0.018,0.009,10,4,1.1726,0.5636600299399512,1.3293894869854772,12.820155620574951
SD7062_DOE,3800,0.0761999999999999,1,0.018,0.009,6,1,1.1726,0.9996381257754396,0.8615427905851731,12.862303733825684
SD7062_DOE,3800,0.0761999999999999,2,0.008,0.004,10,4,1.3076,1.3606005461447108,0.8086317886635997,12.852148056030273
SD7062_DOE,3800,0.0761999999999999,2,0.008,0.004,6,1,1.3076,2.2426791478836186,0.4883848451047912,12.801817893981934
SD7062_DOE,3800,0.0761999999999999,2,0.018,0.009,10,4,1.3076,1.045333604571871,1.253685972684433,12.875386238098145
SD7062_DOE,3800,0.0761999999999999,2,0.018,0.009,6,1,1.3076,1.9161559882747288,0.7947791428673808,12.872314214706421
SD7062_DOE,3800,0.1016,1,0.008,0.004,10,4,1.1726,0.30867836406311694,1.833010263329594,19.270848035812378
SD7062_DOE,3800,0.1016,1,0.008,0.004,6,1,1.1726,0.46422932842336606,1.1800311771619922,16.944987297058105
SD7062_DOE,3800,0.1016,1,0.018,0.009,10,4,1.1726,0.21687065299323174,2.448458828599732,19.428125858306885
SD7062_DOE,3800,0.1016,1,0.018,0.009,6,1,1.1726,0.2968001176775971,1.6958787874028032,19.279945373535156
SD7062_DOE,3800,0.1016,2,0.008,0.004,10,4,1.3076,0.5340512750531011,1.8105423765131827,17.03204035758972
SD7062_DOE,3800,0.1016,2,0.008,0.004,6,1,1.3076,0.8463433717640538,1.1255871025001112,17.231284856796265
SD7062_DOE,3800,0.1016,2,0.018,0.009,10,4,1.3076,0.3492620389753387,2.5368067352241312,19.341803073883057
SD7062_DOE,3800,0.1016,2,0.018,0.009,6,1,1.3076,0.5102144377814878,1.6822763244263181,17.054308652877808
